<?xml version="1.0" encoding="UTF-8"?>
<root>
  <item name="com.facebook.imagepipeline.producers.WebpTranscodeProducer WebpTranscodeProducer(java.util.concurrent.Executor, com.facebook.imagepipeline.memory.PooledByteBufferFactory, com.facebook.imagepipeline.producers.Producer&lt;com.facebook.imagepipeline.image.EncodedImage&gt;, int) 3">
    <annotation name="android.support.annotation.IntDef">
      <val name="value" val="{com.facebook.imagepipeline.producers.WebpTranscodeProducer.JPEG_WEBP_ENHANCED_TYPE, com.facebook.imagepipeline.producers.WebpTranscodeProducer.PNG_WEBP_ENHANCED_TYPE}" />
    </annotation>
  </item>
  <item name="com.facebook.imagepipeline.producers.WebpTranscodeProducer mEnhancedTranscodingType">
    <annotation name="android.support.annotation.IntDef">
      <val name="value" val="{com.facebook.imagepipeline.producers.WebpTranscodeProducer.JPEG_WEBP_ENHANCED_TYPE, com.facebook.imagepipeline.producers.WebpTranscodeProducer.PNG_WEBP_ENHANCED_TYPE}" />
    </annotation>
  </item>
  <item name="com.facebook.imagepipeline.producers.WebpTranscodeProducer void doTranscode(com.facebook.imagepipeline.image.EncodedImage, com.facebook.imagepipeline.memory.PooledByteBufferOutputStream, int) 2">
    <annotation name="android.support.annotation.IntDef">
      <val name="value" val="{com.facebook.imagepipeline.producers.WebpTranscodeProducer.JPEG_WEBP_ENHANCED_TYPE, com.facebook.imagepipeline.producers.WebpTranscodeProducer.PNG_WEBP_ENHANCED_TYPE}" />
    </annotation>
  </item>
</root>

